2,false,false,2020-05-07 02:26:29.260387,false,Demo_Question0,false,Demo_Content0,676,false,9453,,null,ONHOLD,1,false,
2,false,false,2020-05-07 02:26:29.283653,false,Demo_Question1,false,Demo_Content1,676,false,9454,,null,ONHOLD,2,false,
2,false,false,2020-05-07 02:26:29.301519,false,Demo_Question2,false,Demo_Content2,676,false,9455,,null,ONHOLD,3,false,
2,false,false,2020-05-07 02:26:29.319066,false,Demo_Question3,false,Demo_Content3,676,false,9456,,null,ONHOLD,4,false,
2,false,false,2020-05-07 02:26:29.337614,false,Demo_Question4,false,Demo_Content4,676,false,9457,,null,ONHOLD,5,false,
2,false,false,2020-05-07 02:26:29.357523,false,Demo_Question5,false,Demo_Content5,676,false,9458,,null,ONHOLD,6,false,
2,false,false,2020-05-07 02:26:29.375631,false,Demo_Question6,false,Demo_Content6,676,false,9459,,null,ONHOLD,7,false,
2,false,false,2020-05-07 02:26:29.393395,false,Demo_Question7,false,Demo_Content7,676,false,9460,,null,ONHOLD,8,false,
2,false,false,2020-05-07 02:26:29.410587,false,Demo_Question8,false,Demo_Content8,676,false,9461,,null,ONHOLD,9,false,
2,false,false,2020-05-07 02:26:29.426433,false,Demo_Question9,false,Demo_Content9,676,false,9462,,null,ONHOLD,10,false,
2,false,false,2020-05-07 02:26:29.437614,false,Demo_Question10,false,Demo_Content10,676,false,9463,,null,ONHOLD,11,false,
2,false,false,2020-05-07 02:26:29.448626,false,Demo_Question11,false,Demo_Content11,676,false,9464,,null,ONHOLD,12,false,
2,false,false,2020-05-07 02:26:29.458304,false,Demo_Question12,false,Demo_Content12,676,false,9465,,null,ONHOLD,13,false,
2,false,false,2020-05-07 02:26:29.468407,false,Demo_Question13,false,Demo_Content13,676,false,9466,,null,ONHOLD,14,false,
2,false,false,2020-05-07 02:26:29.478524,false,Demo_Question14,false,Demo_Content14,676,false,9467,,null,ONHOLD,15,false,
2,false,false,2020-05-07 02:26:29.490953,false,Demo_Question15,false,Demo_Content15,676,false,9468,,null,ONHOLD,16,false,
2,false,false,2020-05-07 02:26:29.503085,false,Demo_Question16,false,Demo_Content16,676,false,9469,,null,ONHOLD,17,false,
2,false,false,2020-05-07 02:26:29.51442,false,Demo_Question17,false,Demo_Content17,676,false,9470,,null,ONHOLD,18,false,
2,false,false,2020-05-07 02:26:29.525795,false,Demo_Question18,false,Demo_Content18,676,false,9471,,null,ONHOLD,19,false,
2,false,false,2020-05-07 02:26:29.537226,false,Demo_Question19,false,Demo_Content19,676,false,9472,,null,ONHOLD,20,false,
2,false,false,2020-05-07 02:26:29.551234,false,Demo_Question20,false,Demo_Content20,676,false,9473,,null,ONHOLD,21,false,
2,false,false,2020-05-07 02:26:29.5681,false,Demo_Question21,false,Demo_Content21,676,false,9474,,null,ONHOLD,22,false,
2,false,false,2020-05-07 02:26:29.582077,false,Demo_Question22,false,Demo_Content22,676,false,9475,,null,ONHOLD,23,false,
2,false,false,2020-05-07 02:26:29.593959,false,Demo_Question23,false,Demo_Content23,676,false,9476,,null,ONHOLD,24,false,
2,false,false,2020-05-07 02:26:29.606673,false,Demo_Question24,false,Demo_Content24,676,false,9477,,null,ONHOLD,25,false,
2,false,false,2020-05-07 02:26:29.622575,false,Demo_Question25,false,Demo_Content25,676,false,9478,,null,ONHOLD,26,false,
2,false,false,2020-05-07 02:26:29.638487,false,Demo_Question26,false,Demo_Content26,676,false,9479,,null,ONHOLD,27,false,
2,false,false,2020-05-07 02:26:29.652027,false,Demo_Question27,false,Demo_Content27,676,false,9480,,null,ONHOLD,28,false,
2,false,false,2020-05-07 02:26:29.664787,false,Demo_Question28,false,Demo_Content28,676,false,9481,,null,ONHOLD,29,false,
2,false,false,2020-05-07 02:26:29.677628,false,Demo_Question29,false,Demo_Content29,676,false,9482,,null,ONHOLD,30,false,
2,false,false,2020-05-07 02:26:29.691983,false,Demo_Question30,false,Demo_Content30,676,false,9483,,null,ONHOLD,31,false,
2,false,false,2020-05-07 02:26:29.706056,false,Demo_Question31,false,Demo_Content31,676,false,9484,,null,ONHOLD,32,false,
2,false,false,2020-05-07 02:26:29.719708,false,Demo_Question32,false,Demo_Content32,676,false,9485,,null,ONHOLD,33,false,
2,false,false,2020-05-07 02:26:29.733312,false,Demo_Question33,false,Demo_Content33,676,false,9486,,null,ONHOLD,34,false,
2,false,false,2020-05-07 02:26:29.750126,false,Demo_Question34,false,Demo_Content34,676,false,9487,,null,ONHOLD,35,false,
2,false,false,2020-05-07 02:26:29.765835,false,Demo_Question35,false,Demo_Content35,676,false,9488,,null,ONHOLD,36,false,
2,false,false,2020-05-07 02:26:29.782273,false,Demo_Question36,false,Demo_Content36,676,false,9489,,null,ONHOLD,37,false,
2,false,false,2020-05-07 02:26:29.797348,false,Demo_Question37,false,Demo_Content37,676,false,9490,,null,ONHOLD,38,false,
2,false,false,2020-05-07 02:26:29.816004,false,Demo_Question38,false,Demo_Content38,676,false,9491,,null,ONHOLD,39,false,
2,false,false,2020-05-07 02:26:29.833387,false,Demo_Question39,false,Demo_Content39,676,false,9492,,null,ONHOLD,40,false,
2,false,false,2020-05-07 02:26:29.853111,false,Demo_Question40,false,Demo_Content40,676,false,9493,,null,ONHOLD,41,false,
2,false,false,2020-05-07 02:26:29.870123,false,Demo_Question41,false,Demo_Content41,676,false,9494,,null,ONHOLD,42,false,
2,false,false,2020-05-07 02:26:29.890971,false,Demo_Question42,false,Demo_Content42,676,false,9495,,null,ONHOLD,43,false,
2,false,false,2020-05-07 02:26:29.908821,false,Demo_Question43,false,Demo_Content43,676,false,9496,,null,ONHOLD,44,false,
2,false,false,2020-05-07 02:26:29.924916,false,Demo_Question44,false,Demo_Content44,676,false,9497,,null,ONHOLD,45,false,
2,false,false,2020-05-07 02:26:29.942584,false,Demo_Question45,false,Demo_Content45,676,false,9498,,null,ONHOLD,46,false,
2,false,false,2020-05-07 02:26:29.962649,false,Demo_Question46,false,Demo_Content46,676,false,9499,,null,ONHOLD,47,false,
2,false,false,2020-05-07 02:26:29.980105,false,Demo_Question47,false,Demo_Content47,676,false,9500,,null,ONHOLD,48,false,
2,false,false,2020-05-07 02:26:29.996379,false,Demo_Question48,false,Demo_Content48,676,false,9501,,null,ONHOLD,49,false,
2,false,false,2020-05-07 02:26:30.014131,false,Demo_Question49,false,Demo_Content49,676,false,9502,,null,ONHOLD,50,false,
2,false,false,2020-05-07 02:26:30.034929,false,Demo_Question50,false,Demo_Content50,676,false,9503,,null,ONHOLD,51,false,
2,false,false,2020-05-07 02:26:30.053164,false,Demo_Question51,false,Demo_Content51,676,false,9504,,null,ONHOLD,52,false,
2,false,false,2020-05-07 02:26:30.071081,false,Demo_Question52,false,Demo_Content52,676,false,9505,,null,ONHOLD,53,false,
2,false,false,2020-05-07 02:26:30.09185,false,Demo_Question53,false,Demo_Content53,676,false,9506,,null,ONHOLD,54,false,
2,false,false,2020-05-07 02:26:30.111139,false,Demo_Question54,false,Demo_Content54,676,false,9507,,null,ONHOLD,55,false,
2,false,false,2020-05-07 02:26:30.130023,false,Demo_Question55,false,Demo_Content55,676,false,9508,,null,ONHOLD,56,false,
2,false,false,2020-05-07 02:26:30.156678,false,Demo_Question56,false,Demo_Content56,676,false,9509,,null,ONHOLD,57,false,
2,false,false,2020-05-07 02:26:30.177178,false,Demo_Question57,false,Demo_Content57,676,false,9510,,null,ONHOLD,58,false,
2,false,false,2020-05-07 02:26:30.195907,false,Demo_Question58,false,Demo_Content58,676,false,9511,,null,ONHOLD,59,false,
2,false,false,2020-05-07 02:26:30.238953,false,Demo_Question59,false,Demo_Content59,676,false,9512,,null,ONHOLD,60,false,
2,false,false,2020-05-07 02:26:30.258385,false,Demo_Question60,false,Demo_Content60,676,false,9513,,null,ONHOLD,61,false,
2,false,false,2020-05-07 02:26:30.279785,false,Demo_Question61,false,Demo_Content61,676,false,9514,,null,ONHOLD,62,false,
2,false,false,2020-05-07 02:26:30.30042,false,Demo_Question62,false,Demo_Content62,676,false,9515,,null,ONHOLD,63,false,
2,false,false,2020-05-07 02:26:30.320102,false,Demo_Question63,false,Demo_Content63,676,false,9516,,null,ONHOLD,64,false,
2,false,false,2020-05-07 02:26:30.340925,false,Demo_Question64,false,Demo_Content64,676,false,9517,,null,ONHOLD,65,false,
2,false,false,2020-05-07 02:26:30.361846,false,Demo_Question65,false,Demo_Content65,676,false,9518,,null,ONHOLD,66,false,
2,false,false,2020-05-07 02:26:30.383546,false,Demo_Question66,false,Demo_Content66,676,false,9519,,null,ONHOLD,67,false,
2,false,false,2020-05-07 02:26:30.404845,false,Demo_Question67,false,Demo_Content67,676,false,9520,,null,ONHOLD,68,false,
2,false,false,2020-05-07 02:26:30.42694,false,Demo_Question68,false,Demo_Content68,676,false,9521,,null,ONHOLD,69,false,
2,false,false,2020-05-07 02:26:30.448739,false,Demo_Question69,false,Demo_Content69,676,false,9522,,null,ONHOLD,70,false,
2,false,false,2020-05-07 02:26:30.470998,false,Demo_Question70,false,Demo_Content70,676,false,9523,,null,ONHOLD,71,false,
2,false,false,2020-05-07 02:26:30.731075,false,Demo_Question80,false,Demo_Content80,676,false,9533,,null,ONHOLD,81,false,
2,false,false,2020-05-07 02:26:30.997797,false,Demo_Question90,false,Demo_Content90,676,false,9543,,null,ONHOLD,91,false,
2,false,false,2020-05-07 02:26:31.260209,false,Demo_Question99,false,Demo_Content99,676,false,9552,,null,ONHOLD,100,false,
2,false,false,2020-05-07 02:26:30.494421,false,Demo_Question71,false,Demo_Content71,676,false,9524,,null,ONHOLD,72,false,
2,false,false,2020-05-07 02:26:30.757068,false,Demo_Question81,false,Demo_Content81,676,false,9534,,null,ONHOLD,82,false,
2,false,false,2020-05-07 02:26:31.025844,false,Demo_Question91,false,Demo_Content91,676,false,9544,,null,ONHOLD,92,false,
2,false,false,2020-05-07 02:26:30.518232,false,Demo_Question72,false,Demo_Content72,676,false,9525,,null,ONHOLD,73,false,
2,false,false,2020-05-07 02:26:30.7849,false,Demo_Question82,false,Demo_Content82,676,false,9535,,null,ONHOLD,83,false,
2,false,false,2020-05-07 02:26:31.052731,false,Demo_Question92,false,Demo_Content92,676,false,9545,,null,ONHOLD,93,false,
2,false,false,2020-05-07 02:26:30.542082,false,Demo_Question73,false,Demo_Content73,676,false,9526,,null,ONHOLD,74,false,
2,false,false,2020-05-07 02:26:30.811375,false,Demo_Question83,false,Demo_Content83,676,false,9536,,null,ONHOLD,84,false,
2,false,false,2020-05-07 02:26:31.083055,false,Demo_Question93,false,Demo_Content93,676,false,9546,,null,ONHOLD,94,false,
2,false,false,2020-05-07 02:26:30.571067,false,Demo_Question74,false,Demo_Content74,676,false,9527,,null,ONHOLD,75,false,
2,false,false,2020-05-07 02:26:30.841905,false,Demo_Question84,false,Demo_Content84,676,false,9537,,null,ONHOLD,85,false,
2,false,false,2020-05-07 02:26:31.112255,false,Demo_Question94,false,Demo_Content94,676,false,9547,,null,ONHOLD,95,false,
2,false,false,2020-05-07 02:26:30.595075,false,Demo_Question75,false,Demo_Content75,676,false,9528,,null,ONHOLD,76,false,
2,false,false,2020-05-07 02:26:30.866903,false,Demo_Question85,false,Demo_Content85,676,false,9538,,null,ONHOLD,86,false,
2,false,false,2020-05-07 02:26:31.139888,false,Demo_Question95,false,Demo_Content95,676,false,9548,,null,ONHOLD,96,false,
2,false,false,2020-05-07 02:26:30.625668,false,Demo_Question76,false,Demo_Content76,676,false,9529,,null,ONHOLD,77,false,
2,false,false,2020-05-07 02:26:30.893163,false,Demo_Question86,false,Demo_Content86,676,false,9539,,null,ONHOLD,87,false,
2,false,false,2020-05-07 02:26:31.171071,false,Demo_Question96,false,Demo_Content96,676,false,9549,,null,ONHOLD,97,false,
2,false,false,2020-05-07 02:26:30.65068,false,Demo_Question77,false,Demo_Content77,676,false,9530,,null,ONHOLD,78,false,
2,false,false,2020-05-07 02:26:30.918595,false,Demo_Question87,false,Demo_Content87,676,false,9540,,null,ONHOLD,88,false,
2,false,false,2020-05-07 02:26:30.680997,false,Demo_Question78,false,Demo_Content78,676,false,9531,,null,ONHOLD,79,false,
2,false,false,2020-05-07 02:26:30.947283,false,Demo_Question88,false,Demo_Content88,676,false,9541,,null,ONHOLD,89,false,
2,false,false,2020-05-07 02:26:31.200121,false,Demo_Question97,false,Demo_Content97,676,false,9550,,null,ONHOLD,98,false,
2,false,false,2020-05-07 02:26:30.707239,false,Demo_Question79,false,Demo_Content79,676,false,9532,,null,ONHOLD,80,false,
2,false,false,2020-05-07 02:26:30.973124,false,Demo_Question89,false,Demo_Content89,676,false,9542,,null,ONHOLD,90,false,
2,false,false,2020-05-07 02:26:31.233742,false,Demo_Question98,false,Demo_Content98,676,false,9551,,null,ONHOLD,99,false,
