2,676,2559,2020-04-19 01:24:55.816264,,false,Demo_Question0,null,ONHOLD,Demo_Content0,10,
2,676,2560,2020-04-19 01:24:55.833557,,false,Demo_Question1,null,ONHOLD,Demo_Content1,11,
2,676,2561,2020-04-19 01:24:55.847885,,false,Demo_Question2,null,ONHOLD,Demo_Content2,12,
2,676,2562,2020-04-19 01:24:55.862966,,false,Demo_Question3,null,ONHOLD,Demo_Content3,13,
2,676,2563,2020-04-19 01:24:55.876313,,false,Demo_Question4,null,ONHOLD,Demo_Content4,14,
2,676,2564,2020-04-19 01:24:55.892929,,false,Demo_Question5,null,ONHOLD,Demo_Content5,15,
2,676,2565,2020-04-19 01:24:55.918644,,false,Demo_Question6,null,ONHOLD,Demo_Content6,16,
2,676,2566,2020-04-19 01:24:55.93393,,false,Demo_Question7,null,ONHOLD,Demo_Content7,17,
2,676,2567,2020-04-19 01:24:55.950709,,false,Demo_Question8,null,ONHOLD,Demo_Content8,18,
2,676,2568,2020-04-19 01:24:55.966513,,false,Demo_Question9,null,ONHOLD,Demo_Content9,19,
