Question_Title_FOR_TEST1,Question_Content1,Option_Content_FOR_TEST1,true
Question_Title_FOR_TEST2,Question_Content2,Option_Content_FOR_TEST2,true
Question_Title_FOR_TEST3,Question_Content3,Option_Content_FOR_TEST3,true
Question_Title_FOR_TEST4,Question_Content4,Option_Content_FOR_TEST4,true
Question_Title_FOR_TEST5,Question_Content5,Option_Content_FOR_TEST5,true
Question_Title_FOR_TEST6,Question_Content6,Option_Content_FOR_TEST6,true
Question_Title_FOR_TEST7,Question_Content7,Option_Content_FOR_TEST7,true
Question_Title_FOR_TEST8,Question_Content8,Option_Content_FOR_TEST8,true
Question_Title_FOR_TEST9,Question_Content9,Option_Content_FOR_TEST9,true
Question_Title_FOR_TEST10,Question_Content10,Option_Content_FOR_TEST10,true
Question_Title_FOR_TEST11,Question_Content11,Option_Content_FOR_TEST11,true
Question_Title_FOR_TEST12,Question_Content12,Option_Content_FOR_TEST12,true
Question_Title_FOR_TEST13,Question_Content13,Option_Content_FOR_TEST13,true
Question_Title_FOR_TEST14,Question_Content14,Option_Content_FOR_TEST14,true
Question_Title_FOR_TEST15,Question_Content15,Option_Content_FOR_TEST15,true
Question_Title_FOR_TEST16,Question_Content16,Option_Content_FOR_TEST16,true
Question_Title_FOR_TEST17,Question_Content17,Option_Content_FOR_TEST17,true
Question_Title_FOR_TEST18,Question_Content18,Option_Content_FOR_TEST18,true
Question_Title_FOR_TEST19,Question_Content19,Option_Content_FOR_TEST19,true
Question_Title_FOR_TEST20,Question_Content20,Option_Content_FOR_TEST20,true
Question_Title_FOR_TEST21,Question_Content21,Option_Content_FOR_TEST21,true
Question_Title_FOR_TEST22,Question_Content22,Option_Content_FOR_TEST22,true
Question_Title_FOR_TEST23,Question_Content23,Option_Content_FOR_TEST23,true
Question_Title_FOR_TEST24,Question_Content24,Option_Content_FOR_TEST24,true
Question_Title_FOR_TEST25,Question_Content25,Option_Content_FOR_TEST25,true
Question_Title_FOR_TEST26,Question_Content26,Option_Content_FOR_TEST26,true
Question_Title_FOR_TEST27,Question_Content27,Option_Content_FOR_TEST27,true
Question_Title_FOR_TEST28,Question_Content28,Option_Content_FOR_TEST28,true
Question_Title_FOR_TEST29,Question_Content29,Option_Content_FOR_TEST29,true
Question_Title_FOR_TEST30,Question_Content30,Option_Content_FOR_TEST30,true
Question_Title_FOR_TEST31,Question_Content31,Option_Content_FOR_TEST31,true
Question_Title_FOR_TEST32,Question_Content32,Option_Content_FOR_TEST32,true
Question_Title_FOR_TEST33,Question_Content33,Option_Content_FOR_TEST33,true
Question_Title_FOR_TEST34,Question_Content34,Option_Content_FOR_TEST34,true
Question_Title_FOR_TEST35,Question_Content35,Option_Content_FOR_TEST35,true
Question_Title_FOR_TEST36,Question_Content36,Option_Content_FOR_TEST36,true
Question_Title_FOR_TEST37,Question_Content37,Option_Content_FOR_TEST37,true
Question_Title_FOR_TEST38,Question_Content38,Option_Content_FOR_TEST38,true
Question_Title_FOR_TEST39,Question_Content39,Option_Content_FOR_TEST39,true
Question_Title_FOR_TEST40,Question_Content40,Option_Content_FOR_TEST40,true
Question_Title_FOR_TEST41,Question_Content41,Option_Content_FOR_TEST41,true
Question_Title_FOR_TEST42,Question_Content42,Option_Content_FOR_TEST42,true
Question_Title_FOR_TEST43,Question_Content43,Option_Content_FOR_TEST43,true
Question_Title_FOR_TEST44,Question_Content44,Option_Content_FOR_TEST44,true
Question_Title_FOR_TEST45,Question_Content45,Option_Content_FOR_TEST45,true
Question_Title_FOR_TEST46,Question_Content46,Option_Content_FOR_TEST46,true
Question_Title_FOR_TEST47,Question_Content47,Option_Content_FOR_TEST47,true
Question_Title_FOR_TEST48,Question_Content48,Option_Content_FOR_TEST48,true
Question_Title_FOR_TEST49,Question_Content49,Option_Content_FOR_TEST49,true
Question_Title_FOR_TEST50,Question_Content50,Option_Content_FOR_TEST50,true
Question_Title_FOR_TEST51,Question_Content51,Option_Content_FOR_TEST51,true
Question_Title_FOR_TEST52,Question_Content52,Option_Content_FOR_TEST52,true
Question_Title_FOR_TEST53,Question_Content53,Option_Content_FOR_TEST53,true
Question_Title_FOR_TEST54,Question_Content54,Option_Content_FOR_TEST54,true
Question_Title_FOR_TEST55,Question_Content55,Option_Content_FOR_TEST55,true
Question_Title_FOR_TEST56,Question_Content56,Option_Content_FOR_TEST56,true
Question_Title_FOR_TEST57,Question_Content57,Option_Content_FOR_TEST57,true
Question_Title_FOR_TEST58,Question_Content58,Option_Content_FOR_TEST58,true
Question_Title_FOR_TEST59,Question_Content59,Option_Content_FOR_TEST59,true
Question_Title_FOR_TEST60,Question_Content60,Option_Content_FOR_TEST60,true
Question_Title_FOR_TEST61,Question_Content61,Option_Content_FOR_TEST61,true
Question_Title_FOR_TEST62,Question_Content62,Option_Content_FOR_TEST62,true
Question_Title_FOR_TEST63,Question_Content63,Option_Content_FOR_TEST63,true
Question_Title_FOR_TEST64,Question_Content64,Option_Content_FOR_TEST64,true
Question_Title_FOR_TEST65,Question_Content65,Option_Content_FOR_TEST65,true
Question_Title_FOR_TEST66,Question_Content66,Option_Content_FOR_TEST66,true
Question_Title_FOR_TEST67,Question_Content67,Option_Content_FOR_TEST67,true
Question_Title_FOR_TEST68,Question_Content68,Option_Content_FOR_TEST68,true
Question_Title_FOR_TEST69,Question_Content69,Option_Content_FOR_TEST69,true
Question_Title_FOR_TEST70,Question_Content70,Option_Content_FOR_TEST70,true
Question_Title_FOR_TEST71,Question_Content71,Option_Content_FOR_TEST71,true
Question_Title_FOR_TEST72,Question_Content72,Option_Content_FOR_TEST72,true
Question_Title_FOR_TEST73,Question_Content73,Option_Content_FOR_TEST73,true
Question_Title_FOR_TEST74,Question_Content74,Option_Content_FOR_TEST74,true
Question_Title_FOR_TEST75,Question_Content75,Option_Content_FOR_TEST75,true
Question_Title_FOR_TEST76,Question_Content76,Option_Content_FOR_TEST76,true
Question_Title_FOR_TEST77,Question_Content77,Option_Content_FOR_TEST77,true
Question_Title_FOR_TEST78,Question_Content78,Option_Content_FOR_TEST78,true
Question_Title_FOR_TEST79,Question_Content79,Option_Content_FOR_TEST79,true
Question_Title_FOR_TEST80,Question_Content80,Option_Content_FOR_TEST80,true
Question_Title_FOR_TEST81,Question_Content81,Option_Content_FOR_TEST81,true
Question_Title_FOR_TEST82,Question_Content82,Option_Content_FOR_TEST82,true
Question_Title_FOR_TEST83,Question_Content83,Option_Content_FOR_TEST83,true
Question_Title_FOR_TEST84,Question_Content84,Option_Content_FOR_TEST84,true
Question_Title_FOR_TEST85,Question_Content85,Option_Content_FOR_TEST85,true
Question_Title_FOR_TEST86,Question_Content86,Option_Content_FOR_TEST86,true
Question_Title_FOR_TEST87,Question_Content87,Option_Content_FOR_TEST87,true
Question_Title_FOR_TEST88,Question_Content88,Option_Content_FOR_TEST88,true
Question_Title_FOR_TEST89,Question_Content89,Option_Content_FOR_TEST89,true
Question_Title_FOR_TEST90,Question_Content90,Option_Content_FOR_TEST90,true
Question_Title_FOR_TEST91,Question_Content91,Option_Content_FOR_TEST91,true
Question_Title_FOR_TEST92,Question_Content92,Option_Content_FOR_TEST92,true
Question_Title_FOR_TEST93,Question_Content93,Option_Content_FOR_TEST93,true
Question_Title_FOR_TEST94,Question_Content94,Option_Content_FOR_TEST94,true
Question_Title_FOR_TEST95,Question_Content95,Option_Content_FOR_TEST95,true
Question_Title_FOR_TEST96,Question_Content96,Option_Content_FOR_TEST96,true
Question_Title_FOR_TEST97,Question_Content97,Option_Content_FOR_TEST97,true
Question_Title_FOR_TEST98,Question_Content98,Option_Content_FOR_TEST98,true
Question_Title_FOR_TEST99,Question_Content99,Option_Content_FOR_TEST99,true
Question_Title_FOR_TEST100,Question_Content100,Option_Content_FOR_TEST100,true
Question_Title_FOR_TEST101,Question_Content101,Option_Content_FOR_TEST101,true
Question_Title_FOR_TEST102,Question_Content102,Option_Content_FOR_TEST102,true
Question_Title_FOR_TEST103,Question_Content103,Option_Content_FOR_TEST103,true
Question_Title_FOR_TEST104,Question_Content104,Option_Content_FOR_TEST104,true
Question_Title_FOR_TEST105,Question_Content105,Option_Content_FOR_TEST105,true
Question_Title_FOR_TEST106,Question_Content106,Option_Content_FOR_TEST106,true
Question_Title_FOR_TEST107,Question_Content107,Option_Content_FOR_TEST107,true
Question_Title_FOR_TEST108,Question_Content108,Option_Content_FOR_TEST108,true
Question_Title_FOR_TEST109,Question_Content109,Option_Content_FOR_TEST109,true
Question_Title_FOR_TEST110,Question_Content110,Option_Content_FOR_TEST110,true
Question_Title_FOR_TEST111,Question_Content111,Option_Content_FOR_TEST111,true
Question_Title_FOR_TEST112,Question_Content112,Option_Content_FOR_TEST112,true
Question_Title_FOR_TEST113,Question_Content113,Option_Content_FOR_TEST113,true
Question_Title_FOR_TEST114,Question_Content114,Option_Content_FOR_TEST114,true
Question_Title_FOR_TEST115,Question_Content115,Option_Content_FOR_TEST115,true
Question_Title_FOR_TEST116,Question_Content116,Option_Content_FOR_TEST116,true
Question_Title_FOR_TEST117,Question_Content117,Option_Content_FOR_TEST117,true
Question_Title_FOR_TEST118,Question_Content118,Option_Content_FOR_TEST118,true
Question_Title_FOR_TEST119,Question_Content119,Option_Content_FOR_TEST119,true
Question_Title_FOR_TEST120,Question_Content120,Option_Content_FOR_TEST120,true
Question_Title_FOR_TEST121,Question_Content121,Option_Content_FOR_TEST121,true
Question_Title_FOR_TEST122,Question_Content122,Option_Content_FOR_TEST122,true
Question_Title_FOR_TEST123,Question_Content123,Option_Content_FOR_TEST123,true
Question_Title_FOR_TEST124,Question_Content124,Option_Content_FOR_TEST124,true
Question_Title_FOR_TEST125,Question_Content125,Option_Content_FOR_TEST125,true
Question_Title_FOR_TEST126,Question_Content126,Option_Content_FOR_TEST126,true
Question_Title_FOR_TEST127,Question_Content127,Option_Content_FOR_TEST127,true
Question_Title_FOR_TEST128,Question_Content128,Option_Content_FOR_TEST128,true
Question_Title_FOR_TEST129,Question_Content129,Option_Content_FOR_TEST129,true
Question_Title_FOR_TEST130,Question_Content130,Option_Content_FOR_TEST130,true
Question_Title_FOR_TEST131,Question_Content131,Option_Content_FOR_TEST131,true
Question_Title_FOR_TEST132,Question_Content132,Option_Content_FOR_TEST132,true
Question_Title_FOR_TEST133,Question_Content133,Option_Content_FOR_TEST133,true
Question_Title_FOR_TEST134,Question_Content134,Option_Content_FOR_TEST134,true
Question_Title_FOR_TEST135,Question_Content135,Option_Content_FOR_TEST135,true
Question_Title_FOR_TEST136,Question_Content136,Option_Content_FOR_TEST136,true
Question_Title_FOR_TEST137,Question_Content137,Option_Content_FOR_TEST137,true
Question_Title_FOR_TEST138,Question_Content138,Option_Content_FOR_TEST138,true
Question_Title_FOR_TEST139,Question_Content139,Option_Content_FOR_TEST139,true
Question_Title_FOR_TEST140,Question_Content140,Option_Content_FOR_TEST140,true
Question_Title_FOR_TEST141,Question_Content141,Option_Content_FOR_TEST141,true
Question_Title_FOR_TEST142,Question_Content142,Option_Content_FOR_TEST142,true
Question_Title_FOR_TEST143,Question_Content143,Option_Content_FOR_TEST143,true
Question_Title_FOR_TEST144,Question_Content144,Option_Content_FOR_TEST144,true
Question_Title_FOR_TEST145,Question_Content145,Option_Content_FOR_TEST145,true
Question_Title_FOR_TEST146,Question_Content146,Option_Content_FOR_TEST146,true
Question_Title_FOR_TEST147,Question_Content147,Option_Content_FOR_TEST147,true
Question_Title_FOR_TEST148,Question_Content148,Option_Content_FOR_TEST148,true
Question_Title_FOR_TEST149,Question_Content149,Option_Content_FOR_TEST149,true
Question_Title_FOR_TEST150,Question_Content150,Option_Content_FOR_TEST150,true
Question_Title_FOR_TEST151,Question_Content151,Option_Content_FOR_TEST151,true
Question_Title_FOR_TEST152,Question_Content152,Option_Content_FOR_TEST152,true
Question_Title_FOR_TEST153,Question_Content153,Option_Content_FOR_TEST153,true
Question_Title_FOR_TEST154,Question_Content154,Option_Content_FOR_TEST154,true
Question_Title_FOR_TEST155,Question_Content155,Option_Content_FOR_TEST155,true
Question_Title_FOR_TEST156,Question_Content156,Option_Content_FOR_TEST156,true
Question_Title_FOR_TEST157,Question_Content157,Option_Content_FOR_TEST157,true
Question_Title_FOR_TEST158,Question_Content158,Option_Content_FOR_TEST158,true
Question_Title_FOR_TEST159,Question_Content159,Option_Content_FOR_TEST159,true
Question_Title_FOR_TEST160,Question_Content160,Option_Content_FOR_TEST160,true
Question_Title_FOR_TEST161,Question_Content161,Option_Content_FOR_TEST161,true
Question_Title_FOR_TEST162,Question_Content162,Option_Content_FOR_TEST162,true
Question_Title_FOR_TEST163,Question_Content163,Option_Content_FOR_TEST163,true
Question_Title_FOR_TEST164,Question_Content164,Option_Content_FOR_TEST164,true
Question_Title_FOR_TEST165,Question_Content165,Option_Content_FOR_TEST165,true
Question_Title_FOR_TEST166,Question_Content166,Option_Content_FOR_TEST166,true
Question_Title_FOR_TEST167,Question_Content167,Option_Content_FOR_TEST167,true
Question_Title_FOR_TEST168,Question_Content168,Option_Content_FOR_TEST168,true
Question_Title_FOR_TEST169,Question_Content169,Option_Content_FOR_TEST169,true
Question_Title_FOR_TEST170,Question_Content170,Option_Content_FOR_TEST170,true
Question_Title_FOR_TEST171,Question_Content171,Option_Content_FOR_TEST171,true
Question_Title_FOR_TEST172,Question_Content172,Option_Content_FOR_TEST172,true
Question_Title_FOR_TEST173,Question_Content173,Option_Content_FOR_TEST173,true
Question_Title_FOR_TEST174,Question_Content174,Option_Content_FOR_TEST174,true
Question_Title_FOR_TEST175,Question_Content175,Option_Content_FOR_TEST175,true
Question_Title_FOR_TEST176,Question_Content176,Option_Content_FOR_TEST176,true
Question_Title_FOR_TEST177,Question_Content177,Option_Content_FOR_TEST177,true
Question_Title_FOR_TEST178,Question_Content178,Option_Content_FOR_TEST178,true
Question_Title_FOR_TEST179,Question_Content179,Option_Content_FOR_TEST179,true
Question_Title_FOR_TEST180,Question_Content180,Option_Content_FOR_TEST180,true
Question_Title_FOR_TEST181,Question_Content181,Option_Content_FOR_TEST181,true
Question_Title_FOR_TEST182,Question_Content182,Option_Content_FOR_TEST182,true
Question_Title_FOR_TEST183,Question_Content183,Option_Content_FOR_TEST183,true
Question_Title_FOR_TEST184,Question_Content184,Option_Content_FOR_TEST184,true
Question_Title_FOR_TEST185,Question_Content185,Option_Content_FOR_TEST185,true
Question_Title_FOR_TEST186,Question_Content186,Option_Content_FOR_TEST186,true
Question_Title_FOR_TEST187,Question_Content187,Option_Content_FOR_TEST187,true
Question_Title_FOR_TEST188,Question_Content188,Option_Content_FOR_TEST188,true
Question_Title_FOR_TEST189,Question_Content189,Option_Content_FOR_TEST189,true
Question_Title_FOR_TEST190,Question_Content190,Option_Content_FOR_TEST190,true
Question_Title_FOR_TEST191,Question_Content191,Option_Content_FOR_TEST191,true
Question_Title_FOR_TEST192,Question_Content192,Option_Content_FOR_TEST192,true
Question_Title_FOR_TEST193,Question_Content193,Option_Content_FOR_TEST193,true
Question_Title_FOR_TEST194,Question_Content194,Option_Content_FOR_TEST194,true
Question_Title_FOR_TEST195,Question_Content195,Option_Content_FOR_TEST195,true
Question_Title_FOR_TEST196,Question_Content196,Option_Content_FOR_TEST196,true
Question_Title_FOR_TEST197,Question_Content197,Option_Content_FOR_TEST197,true
Question_Title_FOR_TEST198,Question_Content198,Option_Content_FOR_TEST198,true
Question_Title_FOR_TEST199,Question_Content199,Option_Content_FOR_TEST199,true
Question_Title_FOR_TEST200,Question_Content200,Option_Content_FOR_TEST200,true
Question_Title_FOR_TEST201,Question_Content201,Option_Content_FOR_TEST201,true
Question_Title_FOR_TEST202,Question_Content202,Option_Content_FOR_TEST202,true
Question_Title_FOR_TEST203,Question_Content203,Option_Content_FOR_TEST203,true
Question_Title_FOR_TEST204,Question_Content204,Option_Content_FOR_TEST204,true
Question_Title_FOR_TEST205,Question_Content205,Option_Content_FOR_TEST205,true
Question_Title_FOR_TEST206,Question_Content206,Option_Content_FOR_TEST206,true
Question_Title_FOR_TEST207,Question_Content207,Option_Content_FOR_TEST207,true
Question_Title_FOR_TEST208,Question_Content208,Option_Content_FOR_TEST208,true
Question_Title_FOR_TEST209,Question_Content209,Option_Content_FOR_TEST209,true
Question_Title_FOR_TEST210,Question_Content210,Option_Content_FOR_TEST210,true
Question_Title_FOR_TEST211,Question_Content211,Option_Content_FOR_TEST211,true
Question_Title_FOR_TEST212,Question_Content212,Option_Content_FOR_TEST212,true
Question_Title_FOR_TEST213,Question_Content213,Option_Content_FOR_TEST213,true
Question_Title_FOR_TEST214,Question_Content214,Option_Content_FOR_TEST214,true
Question_Title_FOR_TEST215,Question_Content215,Option_Content_FOR_TEST215,true
Question_Title_FOR_TEST216,Question_Content216,Option_Content_FOR_TEST216,true
Question_Title_FOR_TEST217,Question_Content217,Option_Content_FOR_TEST217,true
Question_Title_FOR_TEST218,Question_Content218,Option_Content_FOR_TEST218,true
Question_Title_FOR_TEST219,Question_Content219,Option_Content_FOR_TEST219,true
Question_Title_FOR_TEST220,Question_Content220,Option_Content_FOR_TEST220,true
Question_Title_FOR_TEST221,Question_Content221,Option_Content_FOR_TEST221,true
Question_Title_FOR_TEST222,Question_Content222,Option_Content_FOR_TEST222,true
Question_Title_FOR_TEST223,Question_Content223,Option_Content_FOR_TEST223,true
Question_Title_FOR_TEST224,Question_Content224,Option_Content_FOR_TEST224,true
Question_Title_FOR_TEST225,Question_Content225,Option_Content_FOR_TEST225,true
Question_Title_FOR_TEST226,Question_Content226,Option_Content_FOR_TEST226,true
Question_Title_FOR_TEST227,Question_Content227,Option_Content_FOR_TEST227,true
Question_Title_FOR_TEST228,Question_Content228,Option_Content_FOR_TEST228,true
Question_Title_FOR_TEST229,Question_Content229,Option_Content_FOR_TEST229,true
Question_Title_FOR_TEST230,Question_Content230,Option_Content_FOR_TEST230,true
Question_Title_FOR_TEST231,Question_Content231,Option_Content_FOR_TEST231,true
Question_Title_FOR_TEST232,Question_Content232,Option_Content_FOR_TEST232,true
Question_Title_FOR_TEST233,Question_Content233,Option_Content_FOR_TEST233,true
Question_Title_FOR_TEST234,Question_Content234,Option_Content_FOR_TEST234,true
Question_Title_FOR_TEST235,Question_Content235,Option_Content_FOR_TEST235,true
Question_Title_FOR_TEST236,Question_Content236,Option_Content_FOR_TEST236,true
Question_Title_FOR_TEST237,Question_Content237,Option_Content_FOR_TEST237,true
Question_Title_FOR_TEST238,Question_Content238,Option_Content_FOR_TEST238,true
Question_Title_FOR_TEST239,Question_Content239,Option_Content_FOR_TEST239,true
Question_Title_FOR_TEST240,Question_Content240,Option_Content_FOR_TEST240,true
Question_Title_FOR_TEST241,Question_Content241,Option_Content_FOR_TEST241,true
Question_Title_FOR_TEST242,Question_Content242,Option_Content_FOR_TEST242,true
Question_Title_FOR_TEST243,Question_Content243,Option_Content_FOR_TEST243,true
Question_Title_FOR_TEST244,Question_Content244,Option_Content_FOR_TEST244,true
Question_Title_FOR_TEST245,Question_Content245,Option_Content_FOR_TEST245,true
Question_Title_FOR_TEST246,Question_Content246,Option_Content_FOR_TEST246,true
Question_Title_FOR_TEST247,Question_Content247,Option_Content_FOR_TEST247,true
Question_Title_FOR_TEST248,Question_Content248,Option_Content_FOR_TEST248,true
Question_Title_FOR_TEST249,Question_Content249,Option_Content_FOR_TEST249,true
Question_Title_FOR_TEST250,Question_Content250,Option_Content_FOR_TEST250,true
