Demo_Question0,Demo_Content0,Option_Content0,ONHOLD,True
Demo_Question1,Demo_Content1,Option_Content1,ONHOLD,True
Demo_Question2,Demo_Content2,Option_Content2,ONHOLD,True
Demo_Question3,Demo_Content3,Option_Content3,ONHOLD,True
Demo_Question4,Demo_Content4,Option_Content4,ONHOLD,True
Demo_Question5,Demo_Content5,Option_Content5,ONHOLD,True
Demo_Question6,Demo_Content6,Option_Content6,ONHOLD,True
Demo_Question7,Demo_Content7,Option_Content7,ONHOLD,True
Demo_Question8,Demo_Content8,Option_Content8,ONHOLD,True
Demo_Question9,Demo_Content9,Option_Content9,ONHOLD,True
Demo_Question10,Demo_Content10,Option_Content10,ONHOLD,True
Demo_Question11,Demo_Content11,Option_Content11,ONHOLD,True
Demo_Question12,Demo_Content12,Option_Content12,ONHOLD,True
Demo_Question13,Demo_Content13,Option_Content13,ONHOLD,True
Demo_Question14,Demo_Content14,Option_Content14,ONHOLD,True
Demo_Question15,Demo_Content15,Option_Content15,ONHOLD,True
Demo_Question16,Demo_Content16,Option_Content16,ONHOLD,True
Demo_Question17,Demo_Content17,Option_Content17,ONHOLD,True
Demo_Question18,Demo_Content18,Option_Content18,ONHOLD,True
Demo_Question19,Demo_Content19,Option_Content19,ONHOLD,True
Demo_Question20,Demo_Content20,Option_Content20,ONHOLD,True
Demo_Question21,Demo_Content21,Option_Content21,ONHOLD,True
Demo_Question22,Demo_Content22,Option_Content22,ONHOLD,True
Demo_Question23,Demo_Content23,Option_Content23,ONHOLD,True
Demo_Question24,Demo_Content24,Option_Content24,ONHOLD,True
Demo_Question25,Demo_Content25,Option_Content25,ONHOLD,True
Demo_Question26,Demo_Content26,Option_Content26,ONHOLD,True
Demo_Question27,Demo_Content27,Option_Content27,ONHOLD,True
Demo_Question28,Demo_Content28,Option_Content28,ONHOLD,True
Demo_Question29,Demo_Content29,Option_Content29,ONHOLD,True
Demo_Question30,Demo_Content30,Option_Content30,ONHOLD,True
Demo_Question31,Demo_Content31,Option_Content31,ONHOLD,True
Demo_Question32,Demo_Content32,Option_Content32,ONHOLD,True
Demo_Question33,Demo_Content33,Option_Content33,ONHOLD,True
Demo_Question34,Demo_Content34,Option_Content34,ONHOLD,True
Demo_Question35,Demo_Content35,Option_Content35,ONHOLD,True
Demo_Question36,Demo_Content36,Option_Content36,ONHOLD,True
Demo_Question37,Demo_Content37,Option_Content37,ONHOLD,True
Demo_Question38,Demo_Content38,Option_Content38,ONHOLD,True
Demo_Question39,Demo_Content39,Option_Content39,ONHOLD,True
Demo_Question40,Demo_Content40,Option_Content40,ONHOLD,True
Demo_Question41,Demo_Content41,Option_Content41,ONHOLD,True
Demo_Question42,Demo_Content42,Option_Content42,ONHOLD,True
Demo_Question43,Demo_Content43,Option_Content43,ONHOLD,True
Demo_Question44,Demo_Content44,Option_Content44,ONHOLD,True
Demo_Question45,Demo_Content45,Option_Content45,ONHOLD,True
Demo_Question46,Demo_Content46,Option_Content46,ONHOLD,True
Demo_Question47,Demo_Content47,Option_Content47,ONHOLD,True
Demo_Question48,Demo_Content48,Option_Content48,ONHOLD,True
Demo_Question49,Demo_Content49,Option_Content49,ONHOLD,True
Demo_Question50,Demo_Content50,Option_Content50,ONHOLD,True
Demo_Question51,Demo_Content51,Option_Content51,ONHOLD,True
Demo_Question52,Demo_Content52,Option_Content52,ONHOLD,True
Demo_Question53,Demo_Content53,Option_Content53,ONHOLD,True
Demo_Question54,Demo_Content54,Option_Content54,ONHOLD,True
Demo_Question55,Demo_Content55,Option_Content55,ONHOLD,True
Demo_Question56,Demo_Content56,Option_Content56,ONHOLD,True
Demo_Question57,Demo_Content57,Option_Content57,ONHOLD,True
Demo_Question58,Demo_Content58,Option_Content58,ONHOLD,True
Demo_Question59,Demo_Content59,Option_Content59,ONHOLD,True
Demo_Question60,Demo_Content60,Option_Content60,ONHOLD,True
Demo_Question61,Demo_Content61,Option_Content61,ONHOLD,True
Demo_Question62,Demo_Content62,Option_Content62,ONHOLD,True
Demo_Question63,Demo_Content63,Option_Content63,ONHOLD,True
Demo_Question64,Demo_Content64,Option_Content64,ONHOLD,True
Demo_Question65,Demo_Content65,Option_Content65,ONHOLD,True
Demo_Question66,Demo_Content66,Option_Content66,ONHOLD,True
Demo_Question67,Demo_Content67,Option_Content67,ONHOLD,True
Demo_Question68,Demo_Content68,Option_Content68,ONHOLD,True
Demo_Question69,Demo_Content69,Option_Content69,ONHOLD,True
Demo_Question70,Demo_Content70,Option_Content70,ONHOLD,True
Demo_Question71,Demo_Content71,Option_Content71,ONHOLD,True
Demo_Question72,Demo_Content72,Option_Content72,ONHOLD,True
Demo_Question73,Demo_Content73,Option_Content73,ONHOLD,True
Demo_Question74,Demo_Content74,Option_Content74,ONHOLD,True
Demo_Question75,Demo_Content75,Option_Content75,ONHOLD,True
Demo_Question76,Demo_Content76,Option_Content76,ONHOLD,True
Demo_Question77,Demo_Content77,Option_Content77,ONHOLD,True
Demo_Question78,Demo_Content78,Option_Content78,ONHOLD,True
Demo_Question79,Demo_Content79,Option_Content79,ONHOLD,True
Demo_Question80,Demo_Content80,Option_Content80,ONHOLD,True
Demo_Question81,Demo_Content81,Option_Content81,ONHOLD,True
Demo_Question82,Demo_Content82,Option_Content82,ONHOLD,True
Demo_Question83,Demo_Content83,Option_Content83,ONHOLD,True
Demo_Question84,Demo_Content84,Option_Content84,ONHOLD,True
Demo_Question85,Demo_Content85,Option_Content85,ONHOLD,True
Demo_Question86,Demo_Content86,Option_Content86,ONHOLD,True
Demo_Question87,Demo_Content87,Option_Content87,ONHOLD,True
Demo_Question88,Demo_Content88,Option_Content88,ONHOLD,True
Demo_Question89,Demo_Content89,Option_Content89,ONHOLD,True
Demo_Question90,Demo_Content90,Option_Content90,ONHOLD,True
Demo_Question91,Demo_Content91,Option_Content91,ONHOLD,True
Demo_Question92,Demo_Content92,Option_Content92,ONHOLD,True
Demo_Question93,Demo_Content93,Option_Content93,ONHOLD,True
Demo_Question94,Demo_Content94,Option_Content94,ONHOLD,True
Demo_Question95,Demo_Content95,Option_Content95,ONHOLD,True
Demo_Question96,Demo_Content96,Option_Content96,ONHOLD,True
Demo_Question97,Demo_Content97,Option_Content97,ONHOLD,True
Demo_Question98,Demo_Content98,Option_Content98,ONHOLD,True
Demo_Question99,Demo_Content99,Option_Content99,ONHOLD,True
Demo_Question100,Demo_Content100,Option_Content100,ONHOLD,True
Demo_Question101,Demo_Content101,Option_Content101,ONHOLD,True
Demo_Question102,Demo_Content102,Option_Content102,ONHOLD,True
Demo_Question103,Demo_Content103,Option_Content103,ONHOLD,True
Demo_Question104,Demo_Content104,Option_Content104,ONHOLD,True
Demo_Question105,Demo_Content105,Option_Content105,ONHOLD,True
Demo_Question106,Demo_Content106,Option_Content106,ONHOLD,True
Demo_Question107,Demo_Content107,Option_Content107,ONHOLD,True
Demo_Question108,Demo_Content108,Option_Content108,ONHOLD,True
Demo_Question109,Demo_Content109,Option_Content109,ONHOLD,True
Demo_Question110,Demo_Content110,Option_Content110,ONHOLD,True
Demo_Question111,Demo_Content111,Option_Content111,ONHOLD,True
Demo_Question112,Demo_Content112,Option_Content112,ONHOLD,True
Demo_Question113,Demo_Content113,Option_Content113,ONHOLD,True
Demo_Question114,Demo_Content114,Option_Content114,ONHOLD,True
Demo_Question115,Demo_Content115,Option_Content115,ONHOLD,True
Demo_Question116,Demo_Content116,Option_Content116,ONHOLD,True
Demo_Question117,Demo_Content117,Option_Content117,ONHOLD,True
Demo_Question118,Demo_Content118,Option_Content118,ONHOLD,True
Demo_Question119,Demo_Content119,Option_Content119,ONHOLD,True
Demo_Question120,Demo_Content120,Option_Content120,ONHOLD,True
Demo_Question121,Demo_Content121,Option_Content121,ONHOLD,True
Demo_Question122,Demo_Content122,Option_Content122,ONHOLD,True
Demo_Question123,Demo_Content123,Option_Content123,ONHOLD,True
Demo_Question124,Demo_Content124,Option_Content124,ONHOLD,True
Demo_Question125,Demo_Content125,Option_Content125,ONHOLD,True
Demo_Question126,Demo_Content126,Option_Content126,ONHOLD,True
Demo_Question127,Demo_Content127,Option_Content127,ONHOLD,True
Demo_Question128,Demo_Content128,Option_Content128,ONHOLD,True
Demo_Question129,Demo_Content129,Option_Content129,ONHOLD,True
Demo_Question130,Demo_Content130,Option_Content130,ONHOLD,True
Demo_Question131,Demo_Content131,Option_Content131,ONHOLD,True
Demo_Question132,Demo_Content132,Option_Content132,ONHOLD,True
Demo_Question133,Demo_Content133,Option_Content133,ONHOLD,True
Demo_Question134,Demo_Content134,Option_Content134,ONHOLD,True
Demo_Question135,Demo_Content135,Option_Content135,ONHOLD,True
Demo_Question136,Demo_Content136,Option_Content136,ONHOLD,True
Demo_Question137,Demo_Content137,Option_Content137,ONHOLD,True
Demo_Question138,Demo_Content138,Option_Content138,ONHOLD,True
Demo_Question139,Demo_Content139,Option_Content139,ONHOLD,True
Demo_Question140,Demo_Content140,Option_Content140,ONHOLD,True
Demo_Question141,Demo_Content141,Option_Content141,ONHOLD,True
Demo_Question142,Demo_Content142,Option_Content142,ONHOLD,True
Demo_Question143,Demo_Content143,Option_Content143,ONHOLD,True
Demo_Question144,Demo_Content144,Option_Content144,ONHOLD,True
Demo_Question145,Demo_Content145,Option_Content145,ONHOLD,True
Demo_Question146,Demo_Content146,Option_Content146,ONHOLD,True
Demo_Question147,Demo_Content147,Option_Content147,ONHOLD,True
Demo_Question148,Demo_Content148,Option_Content148,ONHOLD,True
Demo_Question149,Demo_Content149,Option_Content149,ONHOLD,True
Demo_Question150,Demo_Content150,Option_Content150,ONHOLD,True
Demo_Question151,Demo_Content151,Option_Content151,ONHOLD,True
Demo_Question152,Demo_Content152,Option_Content152,ONHOLD,True
Demo_Question153,Demo_Content153,Option_Content153,ONHOLD,True
Demo_Question154,Demo_Content154,Option_Content154,ONHOLD,True
Demo_Question155,Demo_Content155,Option_Content155,ONHOLD,True
Demo_Question156,Demo_Content156,Option_Content156,ONHOLD,True
Demo_Question157,Demo_Content157,Option_Content157,ONHOLD,True
Demo_Question158,Demo_Content158,Option_Content158,ONHOLD,True
Demo_Question159,Demo_Content159,Option_Content159,ONHOLD,True
Demo_Question160,Demo_Content160,Option_Content160,ONHOLD,True
Demo_Question161,Demo_Content161,Option_Content161,ONHOLD,True
Demo_Question162,Demo_Content162,Option_Content162,ONHOLD,True
Demo_Question163,Demo_Content163,Option_Content163,ONHOLD,True
Demo_Question164,Demo_Content164,Option_Content164,ONHOLD,True
Demo_Question165,Demo_Content165,Option_Content165,ONHOLD,True
Demo_Question166,Demo_Content166,Option_Content166,ONHOLD,True
Demo_Question167,Demo_Content167,Option_Content167,ONHOLD,True
Demo_Question168,Demo_Content168,Option_Content168,ONHOLD,True
Demo_Question169,Demo_Content169,Option_Content169,ONHOLD,True
Demo_Question170,Demo_Content170,Option_Content170,ONHOLD,True
Demo_Question171,Demo_Content171,Option_Content171,ONHOLD,True
Demo_Question172,Demo_Content172,Option_Content172,ONHOLD,True
Demo_Question173,Demo_Content173,Option_Content173,ONHOLD,True
Demo_Question174,Demo_Content174,Option_Content174,ONHOLD,True
Demo_Question175,Demo_Content175,Option_Content175,ONHOLD,True
Demo_Question176,Demo_Content176,Option_Content176,ONHOLD,True
Demo_Question177,Demo_Content177,Option_Content177,ONHOLD,True
Demo_Question178,Demo_Content178,Option_Content178,ONHOLD,True
Demo_Question179,Demo_Content179,Option_Content179,ONHOLD,True
Demo_Question180,Demo_Content180,Option_Content180,ONHOLD,True
Demo_Question181,Demo_Content181,Option_Content181,ONHOLD,True
Demo_Question182,Demo_Content182,Option_Content182,ONHOLD,True
Demo_Question183,Demo_Content183,Option_Content183,ONHOLD,True
Demo_Question184,Demo_Content184,Option_Content184,ONHOLD,True
Demo_Question185,Demo_Content185,Option_Content185,ONHOLD,True
Demo_Question186,Demo_Content186,Option_Content186,ONHOLD,True
Demo_Question187,Demo_Content187,Option_Content187,ONHOLD,True
Demo_Question188,Demo_Content188,Option_Content188,ONHOLD,True
Demo_Question189,Demo_Content189,Option_Content189,ONHOLD,True
Demo_Question190,Demo_Content190,Option_Content190,ONHOLD,True
Demo_Question191,Demo_Content191,Option_Content191,ONHOLD,True
Demo_Question192,Demo_Content192,Option_Content192,ONHOLD,True
Demo_Question193,Demo_Content193,Option_Content193,ONHOLD,True
Demo_Question194,Demo_Content194,Option_Content194,ONHOLD,True
Demo_Question195,Demo_Content195,Option_Content195,ONHOLD,True
Demo_Question196,Demo_Content196,Option_Content196,ONHOLD,True
Demo_Question197,Demo_Content197,Option_Content197,ONHOLD,True
Demo_Question198,Demo_Content198,Option_Content198,ONHOLD,True
Demo_Question199,Demo_Content199,Option_Content199,ONHOLD,True
Demo_Question200,Demo_Content200,Option_Content200,ONHOLD,True
Demo_Question201,Demo_Content201,Option_Content201,ONHOLD,True
Demo_Question202,Demo_Content202,Option_Content202,ONHOLD,True
Demo_Question203,Demo_Content203,Option_Content203,ONHOLD,True
Demo_Question204,Demo_Content204,Option_Content204,ONHOLD,True
Demo_Question205,Demo_Content205,Option_Content205,ONHOLD,True
Demo_Question206,Demo_Content206,Option_Content206,ONHOLD,True
Demo_Question207,Demo_Content207,Option_Content207,ONHOLD,True
Demo_Question208,Demo_Content208,Option_Content208,ONHOLD,True
Demo_Question209,Demo_Content209,Option_Content209,ONHOLD,True
Demo_Question210,Demo_Content210,Option_Content210,ONHOLD,True
Demo_Question211,Demo_Content211,Option_Content211,ONHOLD,True
Demo_Question212,Demo_Content212,Option_Content212,ONHOLD,True
Demo_Question213,Demo_Content213,Option_Content213,ONHOLD,True
Demo_Question214,Demo_Content214,Option_Content214,ONHOLD,True
Demo_Question215,Demo_Content215,Option_Content215,ONHOLD,True
Demo_Question216,Demo_Content216,Option_Content216,ONHOLD,True
Demo_Question217,Demo_Content217,Option_Content217,ONHOLD,True
Demo_Question218,Demo_Content218,Option_Content218,ONHOLD,True
Demo_Question219,Demo_Content219,Option_Content219,ONHOLD,True
Demo_Question220,Demo_Content220,Option_Content220,ONHOLD,True
Demo_Question221,Demo_Content221,Option_Content221,ONHOLD,True
Demo_Question222,Demo_Content222,Option_Content222,ONHOLD,True
Demo_Question223,Demo_Content223,Option_Content223,ONHOLD,True
Demo_Question224,Demo_Content224,Option_Content224,ONHOLD,True
Demo_Question225,Demo_Content225,Option_Content225,ONHOLD,True
Demo_Question226,Demo_Content226,Option_Content226,ONHOLD,True
Demo_Question227,Demo_Content227,Option_Content227,ONHOLD,True
Demo_Question228,Demo_Content228,Option_Content228,ONHOLD,True
Demo_Question229,Demo_Content229,Option_Content229,ONHOLD,True
Demo_Question230,Demo_Content230,Option_Content230,ONHOLD,True
Demo_Question231,Demo_Content231,Option_Content231,ONHOLD,True
Demo_Question232,Demo_Content232,Option_Content232,ONHOLD,True
Demo_Question233,Demo_Content233,Option_Content233,ONHOLD,True
Demo_Question234,Demo_Content234,Option_Content234,ONHOLD,True
Demo_Question235,Demo_Content235,Option_Content235,ONHOLD,True
Demo_Question236,Demo_Content236,Option_Content236,ONHOLD,True
Demo_Question237,Demo_Content237,Option_Content237,ONHOLD,True
Demo_Question238,Demo_Content238,Option_Content238,ONHOLD,True
Demo_Question239,Demo_Content239,Option_Content239,ONHOLD,True
Demo_Question240,Demo_Content240,Option_Content240,ONHOLD,True
Demo_Question241,Demo_Content241,Option_Content241,ONHOLD,True
Demo_Question242,Demo_Content242,Option_Content242,ONHOLD,True
Demo_Question243,Demo_Content243,Option_Content243,ONHOLD,True
Demo_Question244,Demo_Content244,Option_Content244,ONHOLD,True
Demo_Question245,Demo_Content245,Option_Content245,ONHOLD,True
Demo_Question246,Demo_Content246,Option_Content246,ONHOLD,True
Demo_Question247,Demo_Content247,Option_Content247,ONHOLD,True
Demo_Question248,Demo_Content248,Option_Content248,ONHOLD,True
Demo_Question249,Demo_Content249,Option_Content249,ONHOLD,True
Demo_Question250,Demo_Content250,Option_Content250,ONHOLD,True
Demo_Question251,Demo_Content251,Option_Content251,ONHOLD,True
Demo_Question252,Demo_Content252,Option_Content252,ONHOLD,True
Demo_Question253,Demo_Content253,Option_Content253,ONHOLD,True
Demo_Question254,Demo_Content254,Option_Content254,ONHOLD,True
Demo_Question255,Demo_Content255,Option_Content255,ONHOLD,True
Demo_Question256,Demo_Content256,Option_Content256,ONHOLD,True
Demo_Question257,Demo_Content257,Option_Content257,ONHOLD,True
Demo_Question258,Demo_Content258,Option_Content258,ONHOLD,True
Demo_Question259,Demo_Content259,Option_Content259,ONHOLD,True
Demo_Question260,Demo_Content260,Option_Content260,ONHOLD,True
Demo_Question261,Demo_Content261,Option_Content261,ONHOLD,True
Demo_Question262,Demo_Content262,Option_Content262,ONHOLD,True
Demo_Question263,Demo_Content263,Option_Content263,ONHOLD,True
Demo_Question264,Demo_Content264,Option_Content264,ONHOLD,True
Demo_Question265,Demo_Content265,Option_Content265,ONHOLD,True
Demo_Question266,Demo_Content266,Option_Content266,ONHOLD,True
Demo_Question267,Demo_Content267,Option_Content267,ONHOLD,True
Demo_Question268,Demo_Content268,Option_Content268,ONHOLD,True
Demo_Question269,Demo_Content269,Option_Content269,ONHOLD,True
Demo_Question270,Demo_Content270,Option_Content270,ONHOLD,True
Demo_Question271,Demo_Content271,Option_Content271,ONHOLD,True
Demo_Question272,Demo_Content272,Option_Content272,ONHOLD,True
Demo_Question273,Demo_Content273,Option_Content273,ONHOLD,True
Demo_Question274,Demo_Content274,Option_Content274,ONHOLD,True
Demo_Question275,Demo_Content275,Option_Content275,ONHOLD,True
Demo_Question276,Demo_Content276,Option_Content276,ONHOLD,True
Demo_Question277,Demo_Content277,Option_Content277,ONHOLD,True
Demo_Question278,Demo_Content278,Option_Content278,ONHOLD,True
Demo_Question279,Demo_Content279,Option_Content279,ONHOLD,True
Demo_Question280,Demo_Content280,Option_Content280,ONHOLD,True
Demo_Question281,Demo_Content281,Option_Content281,ONHOLD,True
Demo_Question282,Demo_Content282,Option_Content282,ONHOLD,True
Demo_Question283,Demo_Content283,Option_Content283,ONHOLD,True
Demo_Question284,Demo_Content284,Option_Content284,ONHOLD,True
Demo_Question285,Demo_Content285,Option_Content285,ONHOLD,True
Demo_Question286,Demo_Content286,Option_Content286,ONHOLD,True
Demo_Question287,Demo_Content287,Option_Content287,ONHOLD,True
Demo_Question288,Demo_Content288,Option_Content288,ONHOLD,True
Demo_Question289,Demo_Content289,Option_Content289,ONHOLD,True
Demo_Question290,Demo_Content290,Option_Content290,ONHOLD,True
Demo_Question291,Demo_Content291,Option_Content291,ONHOLD,True
Demo_Question292,Demo_Content292,Option_Content292,ONHOLD,True
Demo_Question293,Demo_Content293,Option_Content293,ONHOLD,True
Demo_Question294,Demo_Content294,Option_Content294,ONHOLD,True
Demo_Question295,Demo_Content295,Option_Content295,ONHOLD,True
Demo_Question296,Demo_Content296,Option_Content296,ONHOLD,True
Demo_Question297,Demo_Content297,Option_Content297,ONHOLD,True
Demo_Question298,Demo_Content298,Option_Content298,ONHOLD,True
Demo_Question299,Demo_Content299,Option_Content299,ONHOLD,True
Demo_Question300,Demo_Content300,Option_Content300,ONHOLD,True
Demo_Question301,Demo_Content301,Option_Content301,ONHOLD,True
Demo_Question302,Demo_Content302,Option_Content302,ONHOLD,True
Demo_Question303,Demo_Content303,Option_Content303,ONHOLD,True
Demo_Question304,Demo_Content304,Option_Content304,ONHOLD,True
Demo_Question305,Demo_Content305,Option_Content305,ONHOLD,True
Demo_Question306,Demo_Content306,Option_Content306,ONHOLD,True
Demo_Question307,Demo_Content307,Option_Content307,ONHOLD,True
Demo_Question308,Demo_Content308,Option_Content308,ONHOLD,True
Demo_Question309,Demo_Content309,Option_Content309,ONHOLD,True
Demo_Question310,Demo_Content310,Option_Content310,ONHOLD,True
Demo_Question311,Demo_Content311,Option_Content311,ONHOLD,True
Demo_Question312,Demo_Content312,Option_Content312,ONHOLD,True
Demo_Question313,Demo_Content313,Option_Content313,ONHOLD,True
Demo_Question314,Demo_Content314,Option_Content314,ONHOLD,True
Demo_Question315,Demo_Content315,Option_Content315,ONHOLD,True
Demo_Question316,Demo_Content316,Option_Content316,ONHOLD,True
Demo_Question317,Demo_Content317,Option_Content317,ONHOLD,True
Demo_Question318,Demo_Content318,Option_Content318,ONHOLD,True
Demo_Question319,Demo_Content319,Option_Content319,ONHOLD,True
Demo_Question320,Demo_Content320,Option_Content320,ONHOLD,True
Demo_Question321,Demo_Content321,Option_Content321,ONHOLD,True
Demo_Question322,Demo_Content322,Option_Content322,ONHOLD,True
Demo_Question323,Demo_Content323,Option_Content323,ONHOLD,True
Demo_Question324,Demo_Content324,Option_Content324,ONHOLD,True
Demo_Question325,Demo_Content325,Option_Content325,ONHOLD,True
Demo_Question326,Demo_Content326,Option_Content326,ONHOLD,True
Demo_Question327,Demo_Content327,Option_Content327,ONHOLD,True
Demo_Question328,Demo_Content328,Option_Content328,ONHOLD,True
Demo_Question329,Demo_Content329,Option_Content329,ONHOLD,True
Demo_Question330,Demo_Content330,Option_Content330,ONHOLD,True
Demo_Question331,Demo_Content331,Option_Content331,ONHOLD,True
Demo_Question332,Demo_Content332,Option_Content332,ONHOLD,True
Demo_Question333,Demo_Content333,Option_Content333,ONHOLD,True
Demo_Question334,Demo_Content334,Option_Content334,ONHOLD,True
Demo_Question335,Demo_Content335,Option_Content335,ONHOLD,True
Demo_Question336,Demo_Content336,Option_Content336,ONHOLD,True
Demo_Question337,Demo_Content337,Option_Content337,ONHOLD,True
Demo_Question338,Demo_Content338,Option_Content338,ONHOLD,True
Demo_Question339,Demo_Content339,Option_Content339,ONHOLD,True
Demo_Question340,Demo_Content340,Option_Content340,ONHOLD,True
Demo_Question341,Demo_Content341,Option_Content341,ONHOLD,True
Demo_Question342,Demo_Content342,Option_Content342,ONHOLD,True
Demo_Question343,Demo_Content343,Option_Content343,ONHOLD,True
Demo_Question344,Demo_Content344,Option_Content344,ONHOLD,True
Demo_Question345,Demo_Content345,Option_Content345,ONHOLD,True
Demo_Question346,Demo_Content346,Option_Content346,ONHOLD,True
Demo_Question347,Demo_Content347,Option_Content347,ONHOLD,True
Demo_Question348,Demo_Content348,Option_Content348,ONHOLD,True
Demo_Question349,Demo_Content349,Option_Content349,ONHOLD,True
Demo_Question350,Demo_Content350,Option_Content350,ONHOLD,True
Demo_Question351,Demo_Content351,Option_Content351,ONHOLD,True
Demo_Question352,Demo_Content352,Option_Content352,ONHOLD,True
Demo_Question353,Demo_Content353,Option_Content353,ONHOLD,True
Demo_Question354,Demo_Content354,Option_Content354,ONHOLD,True
Demo_Question355,Demo_Content355,Option_Content355,ONHOLD,True
Demo_Question356,Demo_Content356,Option_Content356,ONHOLD,True
Demo_Question357,Demo_Content357,Option_Content357,ONHOLD,True
Demo_Question358,Demo_Content358,Option_Content358,ONHOLD,True
Demo_Question359,Demo_Content359,Option_Content359,ONHOLD,True
Demo_Question360,Demo_Content360,Option_Content360,ONHOLD,True
Demo_Question361,Demo_Content361,Option_Content361,ONHOLD,True
Demo_Question362,Demo_Content362,Option_Content362,ONHOLD,True
Demo_Question363,Demo_Content363,Option_Content363,ONHOLD,True
Demo_Question364,Demo_Content364,Option_Content364,ONHOLD,True
Demo_Question365,Demo_Content365,Option_Content365,ONHOLD,True
Demo_Question366,Demo_Content366,Option_Content366,ONHOLD,True
Demo_Question367,Demo_Content367,Option_Content367,ONHOLD,True
Demo_Question368,Demo_Content368,Option_Content368,ONHOLD,True
Demo_Question369,Demo_Content369,Option_Content369,ONHOLD,True
Demo_Question370,Demo_Content370,Option_Content370,ONHOLD,True
Demo_Question371,Demo_Content371,Option_Content371,ONHOLD,True
Demo_Question372,Demo_Content372,Option_Content372,ONHOLD,True
Demo_Question373,Demo_Content373,Option_Content373,ONHOLD,True
Demo_Question374,Demo_Content374,Option_Content374,ONHOLD,True
Demo_Question375,Demo_Content375,Option_Content375,ONHOLD,True
Demo_Question376,Demo_Content376,Option_Content376,ONHOLD,True
Demo_Question377,Demo_Content377,Option_Content377,ONHOLD,True
Demo_Question378,Demo_Content378,Option_Content378,ONHOLD,True
Demo_Question379,Demo_Content379,Option_Content379,ONHOLD,True
Demo_Question380,Demo_Content380,Option_Content380,ONHOLD,True
Demo_Question381,Demo_Content381,Option_Content381,ONHOLD,True
Demo_Question382,Demo_Content382,Option_Content382,ONHOLD,True
Demo_Question383,Demo_Content383,Option_Content383,ONHOLD,True
Demo_Question384,Demo_Content384,Option_Content384,ONHOLD,True
Demo_Question385,Demo_Content385,Option_Content385,ONHOLD,True
Demo_Question386,Demo_Content386,Option_Content386,ONHOLD,True
Demo_Question387,Demo_Content387,Option_Content387,ONHOLD,True
Demo_Question388,Demo_Content388,Option_Content388,ONHOLD,True
Demo_Question389,Demo_Content389,Option_Content389,ONHOLD,True
Demo_Question390,Demo_Content390,Option_Content390,ONHOLD,True
Demo_Question391,Demo_Content391,Option_Content391,ONHOLD,True
Demo_Question392,Demo_Content392,Option_Content392,ONHOLD,True
Demo_Question393,Demo_Content393,Option_Content393,ONHOLD,True
Demo_Question394,Demo_Content394,Option_Content394,ONHOLD,True
Demo_Question395,Demo_Content395,Option_Content395,ONHOLD,True
Demo_Question396,Demo_Content396,Option_Content396,ONHOLD,True
Demo_Question397,Demo_Content397,Option_Content397,ONHOLD,True
Demo_Question398,Demo_Content398,Option_Content398,ONHOLD,True
Demo_Question399,Demo_Content399,Option_Content399,ONHOLD,True
Demo_Question400,Demo_Content400,Option_Content400,ONHOLD,True
Demo_Question401,Demo_Content401,Option_Content401,ONHOLD,True
Demo_Question402,Demo_Content402,Option_Content402,ONHOLD,True
Demo_Question403,Demo_Content403,Option_Content403,ONHOLD,True
Demo_Question404,Demo_Content404,Option_Content404,ONHOLD,True
Demo_Question405,Demo_Content405,Option_Content405,ONHOLD,True
Demo_Question406,Demo_Content406,Option_Content406,ONHOLD,True
Demo_Question407,Demo_Content407,Option_Content407,ONHOLD,True
Demo_Question408,Demo_Content408,Option_Content408,ONHOLD,True
Demo_Question409,Demo_Content409,Option_Content409,ONHOLD,True
Demo_Question410,Demo_Content410,Option_Content410,ONHOLD,True
Demo_Question411,Demo_Content411,Option_Content411,ONHOLD,True
Demo_Question412,Demo_Content412,Option_Content412,ONHOLD,True
Demo_Question413,Demo_Content413,Option_Content413,ONHOLD,True
Demo_Question414,Demo_Content414,Option_Content414,ONHOLD,True
Demo_Question415,Demo_Content415,Option_Content415,ONHOLD,True
Demo_Question416,Demo_Content416,Option_Content416,ONHOLD,True
Demo_Question417,Demo_Content417,Option_Content417,ONHOLD,True
Demo_Question418,Demo_Content418,Option_Content418,ONHOLD,True
Demo_Question419,Demo_Content419,Option_Content419,ONHOLD,True
Demo_Question420,Demo_Content420,Option_Content420,ONHOLD,True
Demo_Question421,Demo_Content421,Option_Content421,ONHOLD,True
Demo_Question422,Demo_Content422,Option_Content422,ONHOLD,True
Demo_Question423,Demo_Content423,Option_Content423,ONHOLD,True
Demo_Question424,Demo_Content424,Option_Content424,ONHOLD,True
Demo_Question425,Demo_Content425,Option_Content425,ONHOLD,True
Demo_Question426,Demo_Content426,Option_Content426,ONHOLD,True
Demo_Question427,Demo_Content427,Option_Content427,ONHOLD,True
Demo_Question428,Demo_Content428,Option_Content428,ONHOLD,True
Demo_Question429,Demo_Content429,Option_Content429,ONHOLD,True
Demo_Question430,Demo_Content430,Option_Content430,ONHOLD,True
Demo_Question431,Demo_Content431,Option_Content431,ONHOLD,True
Demo_Question432,Demo_Content432,Option_Content432,ONHOLD,True
Demo_Question433,Demo_Content433,Option_Content433,ONHOLD,True
Demo_Question434,Demo_Content434,Option_Content434,ONHOLD,True
Demo_Question435,Demo_Content435,Option_Content435,ONHOLD,True
Demo_Question436,Demo_Content436,Option_Content436,ONHOLD,True
Demo_Question437,Demo_Content437,Option_Content437,ONHOLD,True
Demo_Question438,Demo_Content438,Option_Content438,ONHOLD,True
Demo_Question439,Demo_Content439,Option_Content439,ONHOLD,True
Demo_Question440,Demo_Content440,Option_Content440,ONHOLD,True
Demo_Question441,Demo_Content441,Option_Content441,ONHOLD,True
Demo_Question442,Demo_Content442,Option_Content442,ONHOLD,True
Demo_Question443,Demo_Content443,Option_Content443,ONHOLD,True
Demo_Question444,Demo_Content444,Option_Content444,ONHOLD,True
Demo_Question445,Demo_Content445,Option_Content445,ONHOLD,True
Demo_Question446,Demo_Content446,Option_Content446,ONHOLD,True
Demo_Question447,Demo_Content447,Option_Content447,ONHOLD,True
Demo_Question448,Demo_Content448,Option_Content448,ONHOLD,True
Demo_Question449,Demo_Content449,Option_Content449,ONHOLD,True
Demo_Question450,Demo_Content450,Option_Content450,ONHOLD,True
Demo_Question451,Demo_Content451,Option_Content451,ONHOLD,True
Demo_Question452,Demo_Content452,Option_Content452,ONHOLD,True
Demo_Question453,Demo_Content453,Option_Content453,ONHOLD,True
Demo_Question454,Demo_Content454,Option_Content454,ONHOLD,True
Demo_Question455,Demo_Content455,Option_Content455,ONHOLD,True
Demo_Question456,Demo_Content456,Option_Content456,ONHOLD,True
Demo_Question457,Demo_Content457,Option_Content457,ONHOLD,True
Demo_Question458,Demo_Content458,Option_Content458,ONHOLD,True
Demo_Question459,Demo_Content459,Option_Content459,ONHOLD,True
Demo_Question460,Demo_Content460,Option_Content460,ONHOLD,True
Demo_Question461,Demo_Content461,Option_Content461,ONHOLD,True
Demo_Question462,Demo_Content462,Option_Content462,ONHOLD,True
Demo_Question463,Demo_Content463,Option_Content463,ONHOLD,True
Demo_Question464,Demo_Content464,Option_Content464,ONHOLD,True
Demo_Question465,Demo_Content465,Option_Content465,ONHOLD,True
Demo_Question466,Demo_Content466,Option_Content466,ONHOLD,True
Demo_Question467,Demo_Content467,Option_Content467,ONHOLD,True
Demo_Question468,Demo_Content468,Option_Content468,ONHOLD,True
Demo_Question469,Demo_Content469,Option_Content469,ONHOLD,True
Demo_Question470,Demo_Content470,Option_Content470,ONHOLD,True
Demo_Question471,Demo_Content471,Option_Content471,ONHOLD,True
Demo_Question472,Demo_Content472,Option_Content472,ONHOLD,True
Demo_Question473,Demo_Content473,Option_Content473,ONHOLD,True
Demo_Question474,Demo_Content474,Option_Content474,ONHOLD,True
Demo_Question475,Demo_Content475,Option_Content475,ONHOLD,True
Demo_Question476,Demo_Content476,Option_Content476,ONHOLD,True
Demo_Question477,Demo_Content477,Option_Content477,ONHOLD,True
Demo_Question478,Demo_Content478,Option_Content478,ONHOLD,True
Demo_Question479,Demo_Content479,Option_Content479,ONHOLD,True
Demo_Question480,Demo_Content480,Option_Content480,ONHOLD,True
Demo_Question481,Demo_Content481,Option_Content481,ONHOLD,True
Demo_Question482,Demo_Content482,Option_Content482,ONHOLD,True
Demo_Question483,Demo_Content483,Option_Content483,ONHOLD,True
Demo_Question484,Demo_Content484,Option_Content484,ONHOLD,True
Demo_Question485,Demo_Content485,Option_Content485,ONHOLD,True
Demo_Question486,Demo_Content486,Option_Content486,ONHOLD,True
Demo_Question487,Demo_Content487,Option_Content487,ONHOLD,True
Demo_Question488,Demo_Content488,Option_Content488,ONHOLD,True
Demo_Question489,Demo_Content489,Option_Content489,ONHOLD,True
Demo_Question490,Demo_Content490,Option_Content490,ONHOLD,True
Demo_Question491,Demo_Content491,Option_Content491,ONHOLD,True
Demo_Question492,Demo_Content492,Option_Content492,ONHOLD,True
Demo_Question493,Demo_Content493,Option_Content493,ONHOLD,True
Demo_Question494,Demo_Content494,Option_Content494,ONHOLD,True
Demo_Question495,Demo_Content495,Option_Content495,ONHOLD,True
Demo_Question496,Demo_Content496,Option_Content496,ONHOLD,True
Demo_Question497,Demo_Content497,Option_Content497,ONHOLD,True
Demo_Question498,Demo_Content498,Option_Content498,ONHOLD,True
Demo_Question499,Demo_Content499,Option_Content499,ONHOLD,True
Demo_Question500,Demo_Content500,Option_Content500,ONHOLD,True
