676,ONHOLD,1315,,2
676,ONHOLD,1316,,2
676,ONHOLD,1317,,2
676,ONHOLD,1318,,2
676,ONHOLD,1319,,2
676,ONHOLD,1320,,2
676,ONHOLD,1321,,2
676,ONHOLD,1322,,2
676,ONHOLD,1323,,2
676,ONHOLD,1324,,2
676,ONHOLD,1325,,2
676,ONHOLD,1326,,2
676,ONHOLD,1327,,2
676,ONHOLD,1328,,2
676,ONHOLD,1329,,2
676,ONHOLD,1330,,2
676,ONHOLD,1331,,2
676,ONHOLD,1332,,2
676,ONHOLD,1333,,2
676,ONHOLD,1334,,2
676,ONHOLD,1335,,2
676,ONHOLD,1336,,2
676,ONHOLD,1337,,2
676,ONHOLD,1338,,2
676,ONHOLD,1339,,2
676,ONHOLD,1340,,2
676,ONHOLD,1341,,2
676,ONHOLD,1342,,2
676,ONHOLD,1343,,2
676,ONHOLD,1344,,2
676,ONHOLD,1345,,2
676,ONHOLD,1346,,2
676,ONHOLD,1347,,2
676,ONHOLD,1348,,2
676,ONHOLD,1349,,2
676,ONHOLD,1350,,2
676,ONHOLD,1351,,2
676,ONHOLD,1352,,2
676,ONHOLD,1353,,2
676,ONHOLD,1354,,2
676,ONHOLD,1355,,2
676,ONHOLD,1356,,2
676,ONHOLD,1357,,2
676,ONHOLD,1358,,2
676,ONHOLD,1359,,2
676,ONHOLD,1360,,2
676,ONHOLD,1361,,2
676,ONHOLD,1362,,2
676,ONHOLD,1363,,2
676,ONHOLD,1364,,2
676,ONHOLD,1365,,2
676,ONHOLD,1366,,2
676,ONHOLD,1367,,2
676,ONHOLD,1368,,2
676,ONHOLD,1369,,2
676,ONHOLD,1370,,2
676,ONHOLD,1371,,2
676,ONHOLD,1372,,2
676,ONHOLD,1373,,2
676,ONHOLD,1374,,2
676,ONHOLD,1375,,2
676,ONHOLD,1376,,2
676,ONHOLD,1377,,2
676,ONHOLD,1378,,2
676,ONHOLD,1379,,2
676,ONHOLD,1380,,2
676,ONHOLD,1381,,2
676,ONHOLD,1382,,2
676,ONHOLD,1383,,2
676,ONHOLD,1384,,2
676,ONHOLD,1385,,2
676,ONHOLD,1386,,2
676,ONHOLD,1387,,2
676,ONHOLD,1388,,2
676,ONHOLD,1389,,2
676,ONHOLD,1390,,2
676,ONHOLD,1391,,2
676,ONHOLD,1392,,2
676,ONHOLD,1393,,2
676,ONHOLD,1394,,2
676,ONHOLD,1395,,2
676,ONHOLD,1396,,2
676,ONHOLD,1397,,2
676,ONHOLD,1398,,2
676,ONHOLD,1399,,2
676,ONHOLD,1400,,2
676,ONHOLD,1401,,2
676,ONHOLD,1402,,2
676,ONHOLD,1403,,2
676,ONHOLD,1404,,2
676,ONHOLD,1405,,2
676,ONHOLD,1406,,2
676,ONHOLD,1407,,2
676,ONHOLD,1408,,2
676,ONHOLD,1409,,2
676,ONHOLD,1410,,2
676,ONHOLD,1411,,2
676,ONHOLD,1412,,2
676,ONHOLD,1413,,2
676,ONHOLD,1414,,2
676,ONHOLD,1415,,2
676,ONHOLD,1416,,2
676,ONHOLD,1417,,2
676,ONHOLD,1418,,2
676,ONHOLD,1419,,2
676,ONHOLD,1420,,2
676,ONHOLD,1421,,2
676,ONHOLD,1422,,2
676,ONHOLD,1423,,2
676,ONHOLD,1424,,2
676,ONHOLD,1425,,2
676,ONHOLD,1426,,2
676,ONHOLD,1427,,2
676,ONHOLD,1428,,2
676,ONHOLD,1429,,2
676,ONHOLD,1430,,2
676,ONHOLD,1431,,2
676,ONHOLD,1432,,2
676,ONHOLD,1433,,2
676,ONHOLD,1434,,2
676,ONHOLD,1435,,2
676,ONHOLD,1436,,2
676,ONHOLD,1437,,2
676,ONHOLD,1438,,2
676,ONHOLD,1439,,2
676,ONHOLD,1440,,2
676,ONHOLD,1441,,2
676,ONHOLD,1442,,2
676,ONHOLD,1443,,2
676,ONHOLD,1444,,2
676,ONHOLD,1445,,2
676,ONHOLD,1446,,2
676,ONHOLD,1447,,2
676,ONHOLD,1448,,2
676,ONHOLD,1449,,2
676,ONHOLD,1450,,2
676,ONHOLD,1451,,2
676,ONHOLD,1452,,2
676,ONHOLD,1453,,2
676,ONHOLD,1454,,2
676,ONHOLD,1455,,2
676,ONHOLD,1456,,2
676,ONHOLD,1457,,2
676,ONHOLD,1458,,2
676,ONHOLD,1459,,2
676,ONHOLD,1460,,2
676,ONHOLD,1461,,2
676,ONHOLD,1462,,2
676,ONHOLD,1463,,2
676,ONHOLD,1464,,2
676,ONHOLD,1465,,2
676,ONHOLD,1466,,2
676,ONHOLD,1467,,2
676,ONHOLD,1468,,2
676,ONHOLD,1469,,2
676,ONHOLD,1470,,2
676,ONHOLD,1471,,2
676,ONHOLD,1472,,2
676,ONHOLD,1473,,2
676,ONHOLD,1474,,2
676,ONHOLD,1475,,2
676,ONHOLD,1476,,2
676,ONHOLD,1477,,2
676,ONHOLD,1478,,2
676,ONHOLD,1479,,2
676,ONHOLD,1480,,2
676,ONHOLD,1481,,2
676,ONHOLD,1482,,2
676,ONHOLD,1483,,2
676,ONHOLD,1484,,2
676,ONHOLD,1485,,2
676,ONHOLD,1486,,2
676,ONHOLD,1487,,2
676,ONHOLD,1488,,2
676,ONHOLD,1489,,2
676,ONHOLD,1490,,2
676,ONHOLD,1491,,2
676,ONHOLD,1492,,2
676,ONHOLD,1493,,2
676,ONHOLD,1494,,2
676,ONHOLD,1495,,2
676,ONHOLD,1496,,2
676,ONHOLD,1497,,2
676,ONHOLD,1498,,2
676,ONHOLD,1499,,2
676,ONHOLD,1500,,2
676,ONHOLD,1501,,2
676,ONHOLD,1502,,2
676,ONHOLD,1503,,2
676,ONHOLD,1504,,2
676,ONHOLD,1505,,2
676,ONHOLD,1506,,2
676,ONHOLD,1507,,2
676,ONHOLD,1508,,2
676,ONHOLD,1509,,2
676,ONHOLD,1510,,2
676,ONHOLD,1511,,2
676,ONHOLD,1512,,2
676,ONHOLD,1513,,2
676,ONHOLD,1514,,2
676,ONHOLD,1515,,2
676,ONHOLD,1516,,2
676,ONHOLD,1517,,2
676,ONHOLD,1518,,2
676,ONHOLD,1519,,2
676,ONHOLD,1520,,2
676,ONHOLD,1521,,2
676,ONHOLD,1522,,2
676,ONHOLD,1523,,2
676,ONHOLD,1524,,2
676,ONHOLD,1525,,2
676,ONHOLD,1526,,2
676,ONHOLD,1527,,2
676,ONHOLD,1528,,2
676,ONHOLD,1529,,2
676,ONHOLD,1530,,2
676,ONHOLD,1531,,2
676,ONHOLD,1532,,2
676,ONHOLD,1533,,2
676,ONHOLD,1534,,2
676,ONHOLD,1535,,2
676,ONHOLD,1536,,2
676,ONHOLD,1537,,2
676,ONHOLD,1538,,2
676,ONHOLD,1539,,2
676,ONHOLD,1540,,2
676,ONHOLD,1541,,2
676,ONHOLD,1542,,2
676,ONHOLD,1543,,2
676,ONHOLD,1544,,2
676,ONHOLD,1545,,2
676,ONHOLD,1546,,2
676,ONHOLD,1547,,2
676,ONHOLD,1548,,2
676,ONHOLD,1549,,2
676,ONHOLD,1550,,2
676,ONHOLD,1551,,2
676,ONHOLD,1552,,2
676,ONHOLD,1553,,2
676,ONHOLD,1554,,2
676,ONHOLD,1555,,2
676,ONHOLD,1556,,2
676,ONHOLD,1557,,2
676,ONHOLD,1558,,2
676,ONHOLD,1559,,2
676,ONHOLD,1560,,2
676,ONHOLD,1561,,2
676,ONHOLD,1562,,2
676,ONHOLD,1563,,2
676,ONHOLD,1564,,2
676,ONHOLD,1565,,2
676,ONHOLD,1566,,2
676,ONHOLD,1567,,2
676,ONHOLD,1568,,2
676,ONHOLD,1569,,2
676,ONHOLD,1570,,2
676,ONHOLD,1571,,2
676,ONHOLD,1572,,2
676,ONHOLD,1573,,2
676,ONHOLD,1574,,2
676,ONHOLD,1575,,2
676,ONHOLD,1576,,2
676,ONHOLD,1577,,2
676,ONHOLD,1578,,2
676,ONHOLD,1579,,2
676,ONHOLD,1580,,2
676,ONHOLD,1581,,2
676,ONHOLD,1582,,2
676,ONHOLD,1583,,2
676,ONHOLD,1584,,2
676,ONHOLD,1585,,2
676,ONHOLD,1586,,2
676,ONHOLD,1587,,2
676,ONHOLD,1588,,2
676,ONHOLD,1589,,2
676,ONHOLD,1590,,2
676,ONHOLD,1591,,2
676,ONHOLD,1592,,2
676,ONHOLD,1593,,2
676,ONHOLD,1594,,2
676,ONHOLD,1595,,2
676,ONHOLD,1596,,2
676,ONHOLD,1597,,2
676,ONHOLD,1598,,2
676,ONHOLD,1599,,2
676,ONHOLD,1600,,2
676,ONHOLD,1601,,2
676,ONHOLD,1602,,2
676,ONHOLD,1603,,2
676,ONHOLD,1604,,2
676,ONHOLD,1605,,2
676,ONHOLD,1606,,2
676,ONHOLD,1607,,2
676,ONHOLD,1608,,2
676,ONHOLD,1609,,2
676,ONHOLD,1610,,2
676,ONHOLD,1611,,2
676,ONHOLD,1612,,2
676,ONHOLD,1613,,2
676,ONHOLD,1614,,2
676,ONHOLD,1615,,2
676,ONHOLD,1616,,2
676,ONHOLD,1617,,2
676,ONHOLD,1618,,2
676,ONHOLD,1619,,2
676,ONHOLD,1620,,2
676,ONHOLD,1621,,2
676,ONHOLD,1622,,2
676,ONHOLD,1623,,2
676,ONHOLD,1624,,2
676,ONHOLD,1625,,2
676,ONHOLD,1626,,2
676,ONHOLD,1627,,2
676,ONHOLD,1628,,2
676,ONHOLD,1629,,2
676,ONHOLD,1630,,2
676,ONHOLD,1631,,2
676,ONHOLD,1632,,2
676,ONHOLD,1633,,2
676,ONHOLD,1634,,2
676,ONHOLD,1635,,2
676,ONHOLD,1636,,2
676,ONHOLD,1637,,2
676,ONHOLD,1638,,2
676,ONHOLD,1639,,2
676,ONHOLD,1640,,2
676,ONHOLD,1641,,2
676,ONHOLD,1642,,2
676,ONHOLD,1643,,2
676,ONHOLD,1644,,2
676,ONHOLD,1645,,2
676,ONHOLD,1646,,2
676,ONHOLD,1647,,2
676,ONHOLD,1648,,2
676,ONHOLD,1649,,2
676,ONHOLD,1650,,2
676,ONHOLD,1651,,2
676,ONHOLD,1652,,2
676,ONHOLD,1653,,2
676,ONHOLD,1654,,2
676,ONHOLD,1655,,2
676,ONHOLD,1656,,2
676,ONHOLD,1657,,2
676,ONHOLD,1658,,2
676,ONHOLD,1659,,2
676,ONHOLD,1660,,2
676,ONHOLD,1661,,2
676,ONHOLD,1662,,2
676,ONHOLD,1663,,2
676,ONHOLD,1664,,2
676,ONHOLD,1665,,2
676,ONHOLD,1666,,2
676,ONHOLD,1667,,2
676,ONHOLD,1668,,2
676,ONHOLD,1669,,2
676,ONHOLD,1670,,2
676,ONHOLD,1671,,2
676,ONHOLD,1672,,2
676,ONHOLD,1673,,2
676,ONHOLD,1674,,2
676,ONHOLD,1675,,2
676,ONHOLD,1676,,2
676,ONHOLD,1677,,2
676,ONHOLD,1678,,2
676,ONHOLD,1679,,2
676,ONHOLD,1680,,2
676,ONHOLD,1681,,2
676,ONHOLD,1682,,2
676,ONHOLD,1683,,2
676,ONHOLD,1684,,2
676,ONHOLD,1685,,2
676,ONHOLD,1686,,2
676,ONHOLD,1687,,2
676,ONHOLD,1688,,2
676,ONHOLD,1689,,2
676,ONHOLD,1690,,2
676,ONHOLD,1691,,2
676,ONHOLD,1692,,2
676,ONHOLD,1693,,2
676,ONHOLD,1694,,2
676,ONHOLD,1695,,2
676,ONHOLD,1696,,2
676,ONHOLD,1697,,2
676,ONHOLD,1698,,2
676,ONHOLD,1699,,2
676,ONHOLD,1700,,2
676,ONHOLD,1701,,2
676,ONHOLD,1702,,2
676,ONHOLD,1703,,2
676,ONHOLD,1704,,2
676,ONHOLD,1705,,2
676,ONHOLD,1706,,2
676,ONHOLD,1707,,2
676,ONHOLD,1708,,2
676,ONHOLD,1709,,2
676,ONHOLD,1710,,2
676,ONHOLD,1711,,2
676,ONHOLD,1712,,2
676,ONHOLD,1713,,2
676,ONHOLD,1714,,2
676,ONHOLD,1715,,2
676,ONHOLD,1716,,2
676,ONHOLD,1717,,2
676,ONHOLD,1718,,2
676,ONHOLD,1719,,2
676,ONHOLD,1720,,2
676,ONHOLD,1721,,2
676,ONHOLD,1722,,2
676,ONHOLD,1723,,2
676,ONHOLD,1724,,2
676,ONHOLD,1725,,2
676,ONHOLD,1726,,2
676,ONHOLD,1727,,2
676,ONHOLD,1728,,2
676,ONHOLD,1729,,2
676,ONHOLD,1730,,2
676,ONHOLD,1731,,2
676,ONHOLD,1732,,2
676,ONHOLD,1733,,2
676,ONHOLD,1734,,2
676,ONHOLD,1735,,2
676,ONHOLD,1736,,2
676,ONHOLD,1737,,2
676,ONHOLD,1738,,2
676,ONHOLD,1739,,2
676,ONHOLD,1740,,2
676,ONHOLD,1741,,2
676,ONHOLD,1742,,2
676,ONHOLD,1743,,2
676,ONHOLD,1744,,2
676,ONHOLD,1745,,2
676,ONHOLD,1746,,2
676,ONHOLD,1747,,2
676,ONHOLD,1748,,2
676,ONHOLD,1749,,2
676,ONHOLD,1750,,2
676,ONHOLD,1751,,2
676,ONHOLD,1752,,2
676,ONHOLD,1753,,2
676,ONHOLD,1754,,2
676,ONHOLD,1755,,2
676,ONHOLD,1756,,2
676,ONHOLD,1757,,2
676,ONHOLD,1758,,2
676,ONHOLD,1759,,2
676,ONHOLD,1760,,2
676,ONHOLD,1761,,2
676,ONHOLD,1762,,2
676,ONHOLD,1763,,2
676,ONHOLD,1764,,2
676,ONHOLD,1765,,2
676,ONHOLD,1766,,2
676,ONHOLD,1767,,2
676,ONHOLD,1768,,2
676,ONHOLD,1769,,2
676,ONHOLD,1770,,2
676,ONHOLD,1771,,2
676,ONHOLD,1772,,2
676,ONHOLD,1773,,2
676,ONHOLD,1774,,2
676,ONHOLD,1775,,2
676,ONHOLD,1776,,2
676,ONHOLD,1777,,2
676,ONHOLD,1778,,2
676,ONHOLD,1779,,2
676,ONHOLD,1780,,2
676,ONHOLD,1781,,2
676,ONHOLD,1782,,2
676,ONHOLD,1783,,2
676,ONHOLD,1784,,2
676,ONHOLD,1785,,2
676,ONHOLD,1786,,2
676,ONHOLD,1787,,2
676,ONHOLD,1788,,2
676,ONHOLD,1789,,2
676,ONHOLD,1790,,2
676,ONHOLD,1791,,2
676,ONHOLD,1792,,2
676,ONHOLD,1793,,2
676,ONHOLD,1794,,2
676,ONHOLD,1795,,2
676,ONHOLD,1796,,2
676,ONHOLD,1797,,2
676,ONHOLD,1798,,2
676,ONHOLD,1799,,2
676,ONHOLD,1800,,2
676,ONHOLD,1801,,2
676,ONHOLD,1802,,2
676,ONHOLD,1803,,2
676,ONHOLD,1804,,2
676,ONHOLD,1805,,2
676,ONHOLD,1806,,2
676,ONHOLD,1807,,2
676,ONHOLD,1808,,2
676,ONHOLD,1809,,2
676,ONHOLD,1810,,2
676,ONHOLD,1811,,2
676,ONHOLD,1812,,2
676,ONHOLD,1813,,2
676,ONHOLD,1814,,2
